"level","updated","url","user","id","group","tags","quote","text","relay link","direct link"
"0","2019-11-06T05:58:07","https://journals-sagepub-com.ezp3.lib.umn.edu/doi/pdf/10.1177/0049124117729703","HopeinJ","Z9qFGgBaEeq1PpdD8ds5Rg","a3ZVxWe8",,,"the weight proportion for the difference in two papers. Wordnet.","https://hyp.is/Z9qFGgBaEeq1PpdD8ds5Rg","https://journals-sagepub-com.ezp3.lib.umn.edu/doi/pdf/10.1177/0049124117729703#annotations:Z9qFGgBaEeq1PpdD8ds5Rg"
"0","2019-11-06T05:21:51","https://journals-sagepub-com.ezp3.lib.umn.edu/doi/pdf/10.1177/0049124117729703","HopeinJ","VqU5ZgBVEeqPv1_ixTuu3Q","a3ZVxWe8",,"<span title=""quote prefix"" class=""quoteContext"">onsciously or unconsciously, </span><span title=""exact quote"" class=""quoteExact"">give more weight topassages that confirm their previously held belief about the data, andignore passages that challenge their beliefs.</span> <span title=""quote suffix"" class=""quoteContext""> Deep reading, however, is aNels</span>","that is true.","https://hyp.is/VqU5ZgBVEeqPv1_ixTuu3Q","https://journals-sagepub-com.ezp3.lib.umn.edu/doi/pdf/10.1177/0049124117729703#annotations:VqU5ZgBVEeqPv1_ixTuu3Q"
"0","2019-11-06T03:56:19","https://journals-sagepub-com.ezp3.lib.umn.edu/doi/pdf/10.1177/0049124117729703","HopeinJ","ZAMavABJEeqQ_ttXmDorzQ","a3ZVxWe8",,"<span title=""quote prefix"" class=""quoteContext"">fy patternsacross text is by </span><span title=""exact quote"" class=""quoteExact""> using clustering and topic modeling algorithms</span> <span title=""quote suffix"" class=""quoteContext"">, which,instead of simple word </span>","two-level extraction?","https://hyp.is/ZAMavABJEeqQ_ttXmDorzQ","https://journals-sagepub-com.ezp3.lib.umn.edu/doi/pdf/10.1177/0049124117729703#annotations:ZAMavABJEeqQ_ttXmDorzQ"
"0","2019-11-06T02:54:39","https://journals-sagepub-com.ezp3.lib.umn.edu/doi/pdf/10.1177/0049124117729703","HopeinJ","GEBCFgBAEeqeFVOLCorC4Q","a3ZVxWe8","#WG","<span title=""quote prefix"" class=""quoteContext""> Hanna 2013; Mohr et al. 2013), </span><span title=""exact quote"" class=""quoteExact"">but the field has not yetdeveloped discipline-specific and agreed upon tools or best practices aroundthe use of computer-assisted text analysis for sociological research, in par-ticular, inductive analysis or analyses aimed at measuring meaning struc-tures</span> <span title=""quote suffix"" class=""quoteContext"">. Additionally, the multitude of</span>","problem to address The problem of our WG: the useful information extracted in dashboard for the instructors. What information is useful?From their perspectives, what information could help them know about the learners? The learning process or results? Summative or formative feedback? ","https://hyp.is/GEBCFgBAEeqeFVOLCorC4Q","https://journals-sagepub-com.ezp3.lib.umn.edu/doi/pdf/10.1177/0049124117729703#annotations:GEBCFgBAEeqeFVOLCorC4Q"
"0","2019-11-06T02:17:01","https://journals-sagepub-com.ezp3.lib.umn.edu/doi/pdf/10.1177/0049124117729703","HopeinJ","hIP6qAA7EeqWs2dWCpQGlA","a3ZVxWe8",,"<span title=""quote prefix"" class=""quoteContext"">to content analysis. The first, </span><span title=""exact quote"" class=""quoteExact"">pattern detection step</span> <span title=""quote suffix"" class=""quoteContext"">, involvesinductive computationa</span>","what pattern? what could be detected from the pattern?","https://hyp.is/hIP6qAA7EeqWs2dWCpQGlA","https://journals-sagepub-com.ezp3.lib.umn.edu/doi/pdf/10.1177/0049124117729703#annotations:hIP6qAA7EeqWs2dWCpQGlA"
"0","2019-11-05T14:01:49","https://journals-sagepub-com.ezp3.lib.umn.edu/doi/pdf/10.1177/0049124117729703","Chen_Chen","z-dj3v_UEem4m8OreQV55w","a3ZVxWe8","#grounded_theory, #definition","<span title=""quote prefix"" class=""quoteContext"">ry approach to content analysis.</span><span title=""exact quote"" class=""quoteExact"">Grounded theory (Glaser and Strauss 1999, 2005) is a method designed toallow categories and themes to emerge inductively from data, culminating indata-driven but abstract theoretical understandings of the underlying socialworld (Charmaz 2014).</span> <span title=""quote suffix"" class=""quoteContext""> It has long been used by </span>","[Grounded theory](https://www.coursera.org/lecture/qualitative-methods/5-5-grounded-theory-7CnRp) and [Versions of Grounded Theory](https://www.coursera.org/lecture/qualitative-methods/5-6-versions-of-grounded-theory-GPlOk)","https://hyp.is/z-dj3v_UEem4m8OreQV55w","https://journals-sagepub-com.ezp3.lib.umn.edu/doi/pdf/10.1177/0049124117729703#annotations:z-dj3v_UEem4m8OreQV55w"
"1","2019-11-06T02:23:33","https://journals-sagepub-com.ezp3.lib.umn.edu/doi/pdf/10.1177/0049124117729703","HopeinJ","bnVKzAA8EeqhzUeWvO8uQQ","a3ZVxWe8",,,"thanks for sharing the courses, Chen! ","https://hyp.is/bnVKzAA8EeqhzUeWvO8uQQ","https://journals-sagepub-com.ezp3.lib.umn.edu/doi/pdf/10.1177/0049124117729703#annotations:bnVKzAA8EeqhzUeWvO8uQQ"
"0","2019-11-06T00:41:46","https://www.solaresearch.org/wp-content/uploads/2017/05/chapter7.pdf","HopeinJ","Nli9igAuEeqLSPMIW8EX2A","a3ZVxWe8",,,"The questions: what is the differences btw content analysis and content analytics? What content analytics and technique could be used in the WG project?","https://hyp.is/Nli9igAuEeqLSPMIW8EX2A","https://www.solaresearch.org/wp-content/uploads/2017/05/chapter7.pdf#annotations:Nli9igAuEeqLSPMIW8EX2A"
"0","2019-11-06T00:24:10","https://www.solaresearch.org/wp-content/uploads/2017/05/chapter7.pdf","HopeinJ","wJB8tgArEeqGkleGi03Orw","a3ZVxWe8",,"<span title=""quote prefix"" class=""quoteContext"">WKHPDMRULW\RIIHHGEDFNJLYHQ</span><span title=""exact quote"" class=""quoteExact"">E\WKHcurrent automated grading systems is summative in nature, although the most valuable feedback is on the SURFHVVOHYHOJLYLQJGHWDLOHGLQVWUXFWLRQVRQLGHQWLƒÅHGweaknesses and suggestions for overcoming them. </span> <span title=""quote suffix"" class=""quoteContext"">By EXLOGLQJRQH[LVWLQJHGXFDWLR</span>","how would students make sense about the in-time feedback from the automatic assessment system? ","https://hyp.is/wJB8tgArEeqGkleGi03Orw","https://www.solaresearch.org/wp-content/uploads/2017/05/chapter7.pdf#annotations:wJB8tgArEeqGkleGi03Orw"
"0","2019-11-06T00:20:54","https://www.solaresearch.org/wp-content/uploads/2017/05/chapter7.pdf","HopeinJ","TAAsygArEeqhh39PmT-PRw","a3ZVxWe8",,"<span title=""quote prefix"" class=""quoteContext""> been used for the analysis of 1</span><span title=""exact quote"" class=""quoteExact"">) course resources, 2) student products of learning, and 3) student social LQWHUDFWLRQV&RQWHQWDQDO\WLFVKDVEHHQXWLOL]HGWRaddress a broad range of problems, such as recom-PHQGDWLRQDQGFDWHJRUL]DWLRQRIGLIIHUHQWOHDUQLQJPDWHULDOV HJ'UDFKVOHUHWDO SURYLVLRQRIfeedback during student writing (e.g., Crossley et al., 2015), analysis of learning outcomes (e.g., Robinson et al., 2013), analysis of student engagement (e.g., Wen et al., 2014b), and topic discovery in online discussions HJ5HLFKHWDO *LY</span> <span title=""quote suffix"" class=""quoteContext"">HQWKDWOHDUQLQJDQDO\WLFVDVD</span>","range","https://hyp.is/TAAsygArEeqhh39PmT-PRw","https://www.solaresearch.org/wp-content/uploads/2017/05/chapter7.pdf#annotations:TAAsygArEeqhh39PmT-PRw"
"0","2019-11-06T00:15:48","https://www.solaresearch.org/wp-content/uploads/2017/05/chapter7.pdf","HopeinJ","lWsF1AAqEeqOxgsBTg4bmA","a3ZVxWe8","#grading_tool","<span title=""quote prefix"" class=""quoteContext"">to modelling online discussions </span><span title=""exact quote"" class=""quoteExact"">ZKLOHWKHXVHRI/'$KDVEHHQH[SORUH</span> <span title=""quote suffix"" class=""quoteContext"">GE\&KHQ  and Hsiao and A</span>","look into that ","https://hyp.is/lWsF1AAqEeqOxgsBTg4bmA","https://www.solaresearch.org/wp-content/uploads/2017/05/chapter7.pdf#annotations:lWsF1AAqEeqOxgsBTg4bmA"
"0","2019-11-06T00:03:49","https://www.solaresearch.org/wp-content/uploads/2017/05/chapter7.pdf","HopeinJ","6UBE8AAoEeqK2APjmeU5jg","a3ZVxWe8","#grading_tool","<span title=""quote prefix"" class=""quoteContext"">HGWKDWPHWULFVSURYLGHGE\WKH</span><span title=""exact quote"" class=""quoteExact"">&RKPHWUL[ *UDHVVHUHWDO2011) and Linguistic Inquiry and Word Count (LIWC)</span> <span title=""quote suffix"" class=""quoteContext""> WRROV 7DXVF]LN 3HQQHEDNHU</span>","look into that ","https://hyp.is/6UBE8AAoEeqK2APjmeU5jg","https://www.solaresearch.org/wp-content/uploads/2017/05/chapter7.pdf#annotations:6UBE8AAoEeqK2APjmeU5jg"
"0","2019-11-05T23:30:46","https://www.solaresearch.org/wp-content/uploads/2017/05/chapter7.pdf","HopeinJ","SrkOxAAkEeqXSe9M9lVMKQ","a3ZVxWe8","#grading_tool","<span title=""quote prefix"" class=""quoteContext"">HVVD\FRQWHQW)RUH[DPSOHWKH</span><span title=""exact quote"" class=""quoteExact"">2SHQ(VVD\LVW</span> <span title=""quote suffix"" class=""quoteContext"">V\VWHP :KLWHORFN)LHOG3XOPDQ</span>","look into that","https://hyp.is/SrkOxAAkEeqXSe9M9lVMKQ","https://www.solaresearch.org/wp-content/uploads/2017/05/chapter7.pdf#annotations:SrkOxAAkEeqXSe9M9lVMKQ"
"0","2019-11-05T23:28:36","https://www.solaresearch.org/wp-content/uploads/2017/05/chapter7.pdf","HopeinJ","_boCVAAjEeqwFy-wfoDZwA","a3ZVxWe8","#grading_tool","<span title=""quote prefix"" class=""quoteContext"">the quality of document ZULWLQJ</span><span title=""exact quote"" class=""quoteExact"">&RKPHWUL[K</span> <span title=""quote suffix"" class=""quoteContext"">DVEHHQH[WHQVLYHO\XWLOL]HGIRU</span>","look into that","https://hyp.is/_boCVAAjEeqwFy-wfoDZwA","https://www.solaresearch.org/wp-content/uploads/2017/05/chapter7.pdf#annotations:_boCVAAjEeqwFy-wfoDZwA"
"0","2019-11-05T23:27:36","https://www.solaresearch.org/wp-content/uploads/2017/05/chapter7.pdf","HopeinJ","2dKh8gAjEeqXmieF6xs_DQ","a3ZVxWe8","grading_tool","<span title=""quote prefix"" class=""quoteContext"">y, more recent V\VWHPVVXFKDV:</span><span title=""exact quote"" class=""quoteExact"">ULWH7R/HDUQ</span> <span title=""quote suffix"" class=""quoteContext""> )ROW] 5RVHQVWHLQ LQFOX</span>","look into that","https://hyp.is/2dKh8gAjEeqXmieF6xs_DQ","https://www.solaresearch.org/wp-content/uploads/2017/05/chapter7.pdf#annotations:2dKh8gAjEeqXmieF6xs_DQ"
"0","2019-11-05T23:14:53","https://www.solaresearch.org/wp-content/uploads/2017/05/chapter7.pdf","HopeinJ","TTIA-gAhEeqSpWdTKeFqVg","a3ZVxWe8",,"<span title=""quote prefix"" class=""quoteContext"">a platforms (Twitter, Facebook) </span><span title=""exact quote"" class=""quoteExact"">introduced a new di-mension and provided access to a relatively new set RIOHDUQHUJHQHUDWHGUHVRXU</span> <span title=""quote suffix"" class=""quoteContext"">FHV 'H)UHLWDVS 7</span>","How to spot the useful information is crucial facing the multitudes of messages.","https://hyp.is/TTIA-gAhEeqSpWdTKeFqVg","https://www.solaresearch.org/wp-content/uploads/2017/05/chapter7.pdf#annotations:TTIA-gAhEeqSpWdTKeFqVg"
"0","2019-11-05T23:14:47","https://www.solaresearch.org/wp-content/uploads/2017/05/chapter7.pdf","HopeinJ","-J-9OAAhEeqeOad9kaux4Q","a3ZVxWe8",,"<span title=""quote prefix"" class=""quoteContext"">DPLQDWLRQRIODWHQWconstructs, </span><span title=""exact quote"" class=""quoteExact"">a large part of content analytics is an ap-plication of computational techniques for the purpose RIFRQWHQWDQDO\V</span> <span title=""quote suffix"" class=""quoteContext"">LV .RYDQRYLƒ∞-RNVLPRYLƒ∞*D√áHY</span>","difference between content analysis and content analytics.","https://hyp.is/-J-9OAAhEeqeOad9kaux4Q","https://www.solaresearch.org/wp-content/uploads/2017/05/chapter7.pdf#annotations:-J-9OAAhEeqeOad9kaux4Q"
"0","2019-11-01T04:21:18","https://www.lifescied.org/doi/10.1187/cbe.13-08-0162","HopeinJ","DVaTnvxfEem77h8qCQGBxw","a3ZVxWe8","#term","<span title=""quote prefix"" class=""quoteContext""> these relationships on actors. </span><span title=""exact quote"" class=""quoteExact"">Actors, also called nodes, can be individuals, organizations, websites, or any entity that can be connected to other entities. A group of actors and the connections between them make up a network.</span> <span title=""quote suffix"" class=""quoteContext"">The importance of relationships </span>","not only focus on attributes of nodes but also on the network positions due to shared attributes. ","https://hyp.is/DVaTnvxfEem77h8qCQGBxw","https://www.lifescied.org/doi/10.1187/cbe.13-08-0162#annotations:DVaTnvxfEem77h8qCQGBxw"
"0","2019-10-18T04:13:15","https://utscic.edu.au/tools/awa/","HopeinJ","kwDA1vFNEemKrev5KIuzUg","a3ZVxWe8","#WG_recommender_system",,"* name: Academic Writing Analytics (AWA) * link: https://utscic.edu.au/tools/awa/ * context: immediate, personalized, better feedback for the academic writing to keep the illustration coherent and consistent is time-consuming for individual instructor. * stakeholders: UTS, academics from diverse faculties, HELPS and IML, students who use the AcaWriter. * project goals: ""make visible to learners the ways in which they are using (or failing to use) language to ‚Äòmake their thinking visible‚Äô ‚Äî i.e. construct claims and argumentative reasoning for academic writing"" through identification of linguistic patterns. * learning construct: reflection on metadiscourse to rhetoric move (not sure about this) * data sources: writings on AcaWriter * mining technique: Natural Language Processing tool to identifies concepts, people, places, and distinctively, the metadiscourse corresponding to rhetorical moves. * actions suggested/taken: rapid formative feedback (divided in disciplines and general purpose) with distinct colors, shapes and formats to indicate important aspects of reflective writing. * ethical consideration: it did not give the grading but provide feedback to improve their scholarly argument in a more logic and coherent ways. My reflection on the AcaWriter: how could this help our group project? After playing with Rocketlit, I think the grading levels might be based on the length of article, vocabulary, sentence structure, questions set. Still not very clear about the criteria and recommendation of readings for next level. Natural Language Processing...concepts... ","https://hyp.is/kwDA1vFNEemKrev5KIuzUg","https://utscic.edu.au/tools/awa/#annotations:kwDA1vFNEemKrev5KIuzUg"
"0","2019-10-11T04:30:56","https://journals-sagepub-com.ezp3.lib.umn.edu/doi/full/10.3102/1076998616666808","HopeinJ","hRv9XuvbEemYt3t7tD84IQ","a3ZVxWe8","#adaptive_learning","<span title=""quote prefix"" class=""quoteContext""> outcome or course persistence, </span><span title=""exact quote"" class=""quoteExact"">researchers also aim at tracking sequences of learner activities to understand learning strategies and processes</span> <span title=""quote suffix"" class=""quoteContext""> (Beheshitha, Ga≈°eviƒá, & Hatala,</span>","It might be interesting for adaptive learning owing to the tracking of learning strategies.","https://hyp.is/hRv9XuvbEemYt3t7tD84IQ","https://journals-sagepub-com.ezp3.lib.umn.edu/doi/full/10.3102/1076998616666808#annotations:hRv9XuvbEemYt3t7tD84IQ"
"0","2019-10-11T04:26:53","https://journals-sagepub-com.ezp3.lib.umn.edu/doi/full/10.3102/1076998616666808","HopeinJ","WmAmBOvfEemwvkc_a6tNKg","a3ZVxWe8",,"<span title=""quote prefix"" class=""quoteContext"">t mining and feature extraction.</span><span title=""exact quote"" class=""quoteExact""> Similar to TAGME, it links key words extracted from text to Wikipedia concepts</span> <span title=""quote suffix"" class=""quoteContext"">. Apache Stanbol is easy to set </span>","mark","https://hyp.is/WmAmBOvfEemwvkc_a6tNKg","https://journals-sagepub-com.ezp3.lib.umn.edu/doi/full/10.3102/1076998616666808#annotations:WmAmBOvfEemwvkc_a6tNKg"
"0","2019-10-11T04:23:13","https://journals-sagepub-com.ezp3.lib.umn.edu/doi/full/10.3102/1076998616666808","HopeinJ","115UOOveEem7x79gMSfHlg","a3ZVxWe8",,"<span title=""quote prefix"" class=""quoteContext"">ost popular LSA implementations.</span><span title=""exact quote"" class=""quoteExact"">Natural language processing (NLP) tool kits</span> <span title=""quote suffix"" class=""quoteContext""> (Stanford CoreNLP, Python NLTK,</span>","explore","https://hyp.is/115UOOveEem7x79gMSfHlg","https://journals-sagepub-com.ezp3.lib.umn.edu/doi/full/10.3102/1076998616666808#annotations:115UOOveEem7x79gMSfHlg"
"0","2019-10-11T04:22:31","https://journals-sagepub-com.ezp3.lib.umn.edu/doi/full/10.3102/1076998616666808","HopeinJ","vlQz9OveEemCJncxHYMuPA","a3ZVxWe8",,"<span title=""quote prefix"" class=""quoteContext""> topics. It can also be used to </span><span title=""exact quote"" class=""quoteExact"">measure the semantic similarity of two documents or parts of documents, by comparing their vectors in the topic space. </span> <span title=""quote suffix"" class=""quoteContext"">LSA has been implemented in seve</span>","my project? influence by another student?","https://hyp.is/vlQz9OveEemCJncxHYMuPA","https://journals-sagepub-com.ezp3.lib.umn.edu/doi/full/10.3102/1076998616666808#annotations:vlQz9OveEemCJncxHYMuPA"
"0","2019-10-11T04:20:41","https://journals-sagepub-com.ezp3.lib.umn.edu/doi/full/10.3102/1076998616666808","HopeinJ","fGF8QOveEemVB5fHKQFAhg","a3ZVxWe8",,"<span title=""quote prefix"" class=""quoteContext"">ilarity between text documents).</span><span title=""exact quote"" class=""quoteExact"">Probabilistic topic modeling tools</span> <span title=""quote suffix"" class=""quoteContext""> (MALLET, lda package, and STM)T</span>","Could be used in idea emerging or topic emerging in group discussion. ","https://hyp.is/fGF8QOveEemVB5fHKQFAhg","https://journals-sagepub-com.ezp3.lib.umn.edu/doi/full/10.3102/1076998616666808#annotations:fGF8QOveEemVB5fHKQFAhg"
"0","2019-10-11T04:17:58","https://journals-sagepub-com.ezp3.lib.umn.edu/doi/full/10.3102/1076998616666808","HopeinJ","G3AOauveEemVeiNqq6OUBQ","a3ZVxWe8","#SIG_content-analysis","<span title=""quote prefix"" class=""quoteContext"">textual processing and analysis.</span><span title=""exact quote"" class=""quoteExact"">Linguistic Inquiry and Word Count (LIWC)</span> <span title=""quote suffix"" class=""quoteContext"">The LIWC tool (Tausczik & Penneb</span>","More psychological. emotional words, negative, positive, authenticity, etc. It could be used to analyze the survey from emotional perspective. ","https://hyp.is/G3AOauveEemVeiNqq6OUBQ","https://journals-sagepub-com.ezp3.lib.umn.edu/doi/full/10.3102/1076998616666808#annotations:G3AOauveEemVeiNqq6OUBQ"
"0","2019-10-11T03:37:19","https://journals-sagepub-com.ezp3.lib.umn.edu/doi/full/10.3102/1076998616666808","HopeinJ","bb228OvYEemob3PogeFuew","a3ZVxWe8","#WG_recommender_system","<span title=""quote prefix"" class=""quoteContext"">p://yudelson.info/hmmsclbl.html.</span><span title=""exact quote"" class=""quoteExact"">2.4.2. Text mining</span> <span title=""quote suffix"" class=""quoteContext"">Text mining is a rapidly growing</span>","Which one could be used in our WG? The levels of reading? Is it based on the concept or the vocabulary? Or just the word counts? ","https://hyp.is/bb228OvYEemob3PogeFuew","https://journals-sagepub-com.ezp3.lib.umn.edu/doi/full/10.3102/1076998616666808#annotations:bb228OvYEemob3PogeFuew"
"0","2019-10-10T22:22:48","https://journals-sagepub-com.ezp3.lib.umn.edu/doi/full/10.3102/1076998616666808","HopeinJ","fci_WOusEemD7-saio8E4Q","a3ZVxWe8",,"<span title=""quote prefix"" class=""quoteContext"">nce further.2.1.2. EDM Workbench</span><span title=""exact quote"" class=""quoteExact"">The EDM Workbench</span> <span title=""quote suffix"" class=""quoteContext""> (Rodrigo et al., 2012), availab</span>","if any of us is interested: http://penoy.admu.edu.ph/~alls/wp-content/uploads/2013/03/EDM-Workbench-v4.pdf ","https://hyp.is/fci_WOusEemD7-saio8E4Q","https://journals-sagepub-com.ezp3.lib.umn.edu/doi/full/10.3102/1076998616666808#annotations:fci_WOusEemD7-saio8E4Q"
"0","2019-10-10T21:53:08","https://journals-sagepub-com.ezp3.lib.umn.edu/doi/full/10.3102/1076998616666808","HopeinJ","WMql5OuoEemOrdtbLsiwTQ","a3ZVxWe8",,"<span title=""quote prefix"" class=""quoteContext"">e cases and values that are not </span><span title=""exact quote"" class=""quoteExact"">simply outliers but actively incorrect</span> <span title=""quote suffix"" class=""quoteContext""> (i.e., cases where time stamps </span>","be careful on this point","https://hyp.is/WMql5OuoEemOrdtbLsiwTQ","https://journals-sagepub-com.ezp3.lib.umn.edu/doi/full/10.3102/1076998616666808#annotations:WMql5OuoEemOrdtbLsiwTQ"
"0","2019-10-10T21:06:42","https://link-springer-com.ezp1.lib.umn.edu/chapter/10.1007/978-1-4614-3305-7_4","HopeinJ","3DsNiuuhEem1Uu-KCvEV_Q","a3ZVxWe8","#WG_recommender_system","<span title=""quote prefix"" class=""quoteContext""> to the longer history of EDM). </span><span title=""exact quote"" class=""quoteExact"">The most prominent example is the automated analysis of textual data. Text analysis, text mining, and discourse analysis is a leading area in learning analytics</span> <span title=""quote suffix"" class=""quoteContext"">; it is only seen occasionally i</span>","""Measuring Knowledge Gaps in Student Responses by Mining Networked Representations of Texts"" (LAK 9th conference) come into my mind. https://dl.acm.org/citation.cfm?id=3303822 (though it's multiple choice, we may use it to set the relation between the criteria given by the Rocketlit and the criteria given by teachers)","https://hyp.is/3DsNiuuhEem1Uu-KCvEV_Q","https://link-springer-com.ezp1.lib.umn.edu/chapter/10.1007/978-1-4614-3305-7_4#annotations:3DsNiuuhEem1Uu-KCvEV_Q"
"0","2019-10-10T20:30:26","https://link-springer-com.ezp1.lib.umn.edu/chapter/10.1007/978-1-4614-3305-7_4","HopeinJ","yxm9YuucEemTwVsL2Qmjzw","a3ZVxWe8","#question","<span title=""quote prefix"" class=""quoteContext"">class, representing patterns of </span><span title=""exact quote"" class=""quoteExact"">successful student performance</span> <span title=""quote suffix"" class=""quoteContext"">, and Merceron and Yacef (2005) </span>","Why does this pattern form? what commonalities of the agents in this pattern? what factors of commonalities that influence the learning? ","https://hyp.is/yxm9YuucEemTwVsL2Qmjzw","https://link-springer-com.ezp1.lib.umn.edu/chapter/10.1007/978-1-4614-3305-7_4#annotations:yxm9YuucEemTwVsL2Qmjzw"
"0","2019-10-10T20:22:36","https://link-springer-com.ezp1.lib.umn.edu/chapter/10.1007/978-1-4614-3305-7_4","HopeinJ","su0WBOubEemt1ENwHNYebw","a3ZVxWe8","#WG_recommender_system","<span title=""quote prefix"" class=""quoteContext"">lly other information as well). </span><span title=""exact quote"" class=""quoteExact"">The word ‚Äúlatent‚Äù refers to the idea that knowledge is not directly measurable, it must be inferred from a student‚Äôs performance. Inferring a student‚Äôs knowledge can be useful for many goals‚Äîit can be a meaningful input to other analyses </span> <span title=""quote suffix"" class=""quoteContext"">(we discuss this use below, in t</span>","mark if useful for the WG project","https://hyp.is/su0WBOubEemt1ENwHNYebw","https://link-springer-com.ezp1.lib.umn.edu/chapter/10.1007/978-1-4614-3305-7_4#annotations:su0WBOubEemt1ENwHNYebw"
"0","2019-10-10T20:03:15","https://link-springer-com.ezp1.lib.umn.edu/chapter/10.1007/978-1-4614-3305-7_4","HopeinJ","_x2O0OuYEemvFjezCHKaFw","a3ZVxWe8","#challenge","<span title=""quote prefix"" class=""quoteContext"">. 2009; San Pedro et al. 2013). </span><span title=""exact quote"" class=""quoteExact"">Prediction models can also be used to study which specific constructs play an important role in predicting another construct (for instance, which behaviors are associated with the eventual choice to attend high school)</span> <span title=""quote suffix"" class=""quoteContext""> (cf. San Pedro et al. 2013).4.2</span>","Questions on prediction models. So many factors involve in the success of academic achievement, how could EMD be sure about the association of some certain behaviors? Does EMD divide the learning into specific aspects and explore into that? But what about the connection of these aspects? What about the unity or holistic development of learners?","https://hyp.is/_x2O0OuYEemvFjezCHKaFw","https://link-springer-com.ezp1.lib.umn.edu/chapter/10.1007/978-1-4614-3305-7_4#annotations:_x2O0OuYEemvFjezCHKaFw"
"0","2019-10-10T19:54:04","https://link-springer-com.ezp1.lib.umn.edu/chapter/10.1007/978-1-4614-3305-7_4","HopeinJ","tsCdVOuXEeml-Ke17KYvBA","a3ZVxWe8","#term_latent_knowledge","<span title=""quote prefix"" class=""quoteContext"">ed by EDM research. The area of </span><span title=""exact quote"" class=""quoteExact"">latent knowledge</span> <span title=""quote suffix"" class=""quoteContext""> estimation is of particular imp</span>","""Latent knowledge is the knowledge that we have that we have not yet harnessed."" ""In theory we learn from our experiences ( hopefully). Something happens, we reflect on what has happened, and then we change our future actions as a result. But do we really learn from our experiences all that could be learned, or do we learn only part of what can possibly be learned? ""","https://hyp.is/tsCdVOuXEeml-Ke17KYvBA","https://link-springer-com.ezp1.lib.umn.edu/chapter/10.1007/978-1-4614-3305-7_4#annotations:tsCdVOuXEeml-Ke17KYvBA"
"0","2019-10-09T15:48:01","https://link-springer-com.ezp1.lib.umn.edu/chapter/10.1007/978-1-4614-3305-7_4","Xinran","LLouuOqsEemec1P1rsGhFw","a3ZVxWe8","#question","<span title=""quote prefix"" class=""quoteContext"">also reported.4.2.1.2 Regression</span><span title=""exact quote"" class=""quoteExact"">In regression, the predicted variable is a continuous variable. </span> <span title=""quote suffix"" class=""quoteContext"">The most popular regressor withi</span>","So the difference between classification and regression depends on the outcome variable's character-continuous(regression) or categorical/binary (classification). Is this the fundamental difference? More explanation: https://medium.com/quick-code/regression-versus-classification-machine-learning-whats-the-difference-345c56dd15f7","https://hyp.is/LLouuOqsEemec1P1rsGhFw","https://link-springer-com.ezp1.lib.umn.edu/chapter/10.1007/978-1-4614-3305-7_4#annotations:LLouuOqsEemec1P1rsGhFw"
"1","2019-10-10T20:20:11","https://link-springer-com.ezp1.lib.umn.edu/chapter/10.1007/978-1-4614-3305-7_4","HopeinJ","XFtLHOubEembTa8imW9otQ","a3ZVxWe8",,,"Thanks for sharing, Xinran. More clear upon reading the article. ","https://hyp.is/XFtLHOubEembTa8imW9otQ","https://link-springer-com.ezp1.lib.umn.edu/chapter/10.1007/978-1-4614-3305-7_4#annotations:XFtLHOubEembTa8imW9otQ"
"0","2019-10-09T15:24:55","https://link-springer-com.ezp1.lib.umn.edu/chapter/10.1007/978-1-4614-3305-7_4","Xinran","8sUNhOqoEemlIk81oI1Cvw","a3ZVxWe8","#question","<span title=""quote prefix"" class=""quoteContext""> names of the two communities), </span><span title=""exact quote"" class=""quoteExact"">EDM has a greater focus on learning as a research topic, while learning analytics has a greater focus on aspects of education beyond learning. </span> <span title=""quote suffix"" class=""quoteContext"">In our view, the overlap and dif</span>","Does it mean LA has a broader focus than EDM? EDM is about learning, while LA studies all the aspects in education, including learning, teaching, and technology development, etc.? ","https://hyp.is/8sUNhOqoEemlIk81oI1Cvw","https://link-springer-com.ezp1.lib.umn.edu/chapter/10.1007/978-1-4614-3305-7_4#annotations:8sUNhOqoEemlIk81oI1Cvw"
"1","2019-10-10T19:41:32","https://link-springer-com.ezp1.lib.umn.edu/chapter/10.1007/978-1-4614-3305-7_4","HopeinJ","9oFEGOuVEemMLM_-hfFUXg","a3ZVxWe8",,,"What is learning? Does learning not include teaching, technology development? What are the aspects of education beyond learning? ","https://hyp.is/9oFEGOuVEemMLM_-hfFUXg","https://link-springer-com.ezp1.lib.umn.edu/chapter/10.1007/978-1-4614-3305-7_4#annotations:9oFEGOuVEemMLM_-hfFUXg"
"0","2019-10-09T15:10:30","https://link-springer-com.ezp1.lib.umn.edu/chapter/10.1007/978-1-4614-3305-7_4","Xinran","7zXASOqmEemvyP95jxA15A","a3ZVxWe8","#question","<span title=""quote prefix"" class=""quoteContext"">en image in new window Fig. 4.1 </span><span title=""exact quote"" class=""quoteExact"">Timeline of significant milestones in EDM</span> <span title=""quote suffix"" class=""quoteContext""> As of this writing, the EDM So</span>","I noticed that in Fig 4.1, ""all education research involves analytics and data mining"". Does it really mean ALL? How would analytics and data mining work in qualitative research? ","https://hyp.is/7zXASOqmEemvyP95jxA15A","https://link-springer-com.ezp1.lib.umn.edu/chapter/10.1007/978-1-4614-3305-7_4#annotations:7zXASOqmEemvyP95jxA15A"
"1","2019-10-10T19:36:09","https://link-springer-com.ezp1.lib.umn.edu/chapter/10.1007/978-1-4614-3305-7_4","HopeinJ","NY1SdOuVEem4lgcU3gIGfg","a3ZVxWe8",,,"analytic and data mining work could be used in the qualitative research such as the social network analysis. It might focus on the ego, the attributes of ego and the ties he/she connects with others. The methods could be flexible and it mainly depends on the research questions. ","https://hyp.is/NY1SdOuVEem4lgcU3gIGfg","https://link-springer-com.ezp1.lib.umn.edu/chapter/10.1007/978-1-4614-3305-7_4#annotations:NY1SdOuVEem4lgcU3gIGfg"
"0","2019-10-04T06:47:51","https://www.tandfonline.com/doi/full/10.1080/17439884.2016.1182927","HopeinJ","tyRCPuZyEemMLC8g6ykP0A","a3ZVxWe8",,"<span title=""quote prefix"" class=""quoteContext""> case of clustering algorithms, </span><span title=""exact quote"" class=""quoteExact"">patterns are not just ‚Äòfound‚Äô but, at the same time, actively constituted. </span> <span title=""quote suffix"" class=""quoteContext"">The entanglement of finding and </span>","interesting. because we use algorithms that tend to give us the result.","https://hyp.is/tyRCPuZyEemMLC8g6ykP0A","https://www.tandfonline.com/doi/full/10.1080/17439884.2016.1182927#annotations:tyRCPuZyEemMLC8g6ykP0A"
"0","2019-10-04T06:35:56","https://www.tandfonline.com/doi/full/10.1080/17439884.2016.1182927","HopeinJ","5H2hCuZwEemMqsP_m9h-nA","a3ZVxWe8",,"<span title=""quote prefix"" class=""quoteContext"">ed‚Äô technique, which means that </span><span title=""exact quote"" class=""quoteExact"">clustering should not occur on the basis of predefined classes that reflect expected or desirable relations amongst the data. In actuality, it is very hard to undertake clustering without some notion of the grouping criteria and without establishing a number of parameters, such as the number of clusters and their density. </span> <span title=""quote suffix"" class=""quoteContext"">As a consequence, there always r</span>","thus, the criteria and parameters are the areas for hidden assumption. when changing the criteria, the cluster will change. ","https://hyp.is/5H2hCuZwEemMqsP_m9h-nA","https://www.tandfonline.com/doi/full/10.1080/17439884.2016.1182927#annotations:5H2hCuZwEemMqsP_m9h-nA"
"0","2019-10-04T06:17:27","https://www.tandfonline.com/doi/full/10.1080/17439884.2016.1182927","HopeinJ","o3NZVOZuEem_1a_fOar6vA","a3ZVxWe8",,"<span title=""quote prefix"" class=""quoteContext"">ogle Scholar]) demonstrates how </span><span title=""exact quote"" class=""quoteExact"">algorithms need to be understood as ‚Äòblack boxes‚Äô that are hidden inside intellectual property and impenetrable code</span> <span title=""quote suffix"" class=""quoteContext"">; as ‚Äòheterogeneous systems‚Äô in </span>","exactly.Sometimes it's important to understand the black box so that we might get what we assume to get. ","https://hyp.is/o3NZVOZuEem_1a_fOar6vA","https://www.tandfonline.com/doi/full/10.1080/17439884.2016.1182927#annotations:o3NZVOZuEem_1a_fOar6vA"
"0","2019-10-04T00:21:17","https://www.tandfonline.com/doi/full/10.1080/17439884.2016.1182927","johnmbarnett","4fhqouY8Eem1OvNP6KaSDw","a3ZVxWe8","#SIG_predictive_analytics, #WG_PD","<span title=""quote prefix"" class=""quoteContext"">y of learners in the competing, </span><span title=""exact quote"" class=""quoteExact"">UK-based platform Futurelearn produced by the Open University (OU) (Ferguson and Clow 2015 Ferguson, R., and D. Clow. 2015. ‚ÄúExamining Engagement: Analysing Learner Subpopulations in Massive Open Online Courses (MOOCs).‚Äù Proceedings of the Fifth International Conference on LA and Knowledge, ACM, 51‚Äì58, March 16‚Äì20. [Google Scholar]). In this replication, the authors found noticeably different patterns in their data. Whilst ‚ÄòCompleting‚Äô and ‚ÄòSampling‚Äô clusters were identified in line with the previous study, more nuanced forms of engagement also emerged: Strong Starters, Mid-way Dropouts, Nearly There, Late Completers and Keen Completers. </span> <span title=""quote suffix"" class=""quoteContext"">Ferguson and Clow insightfully s</span>","This entire section of the article is relevant in the predictive analytics discussion.","https://hyp.is/4fhqouY8Eem1OvNP6KaSDw","https://www.tandfonline.com/doi/full/10.1080/17439884.2016.1182927#annotations:4fhqouY8Eem1OvNP6KaSDw"
"1","2019-10-04T06:58:03","https://www.tandfonline.com/doi/full/10.1080/17439884.2016.1182927","HopeinJ","T4wI0OZ0EemERlcSWBgf1A","a3ZVxWe8",,,"Just curious that if we use clustering analysis for prediction, then what about the individual variation? or individualized learning. ","https://hyp.is/T4wI0OZ0EemERlcSWBgf1A","https://www.tandfonline.com/doi/full/10.1080/17439884.2016.1182927#annotations:T4wI0OZ0EemERlcSWBgf1A"
"0","2019-10-03T21:32:36","https://www.tandfonline.com/doi/full/10.1080/17439884.2016.1182927","HopeinJ","-K5lmOYkEemrH8Na5gMuwg","a3ZVxWe8","#WG_recommender_system","<span title=""quote prefix"" class=""quoteContext"">tion. Through these manoeuvres, </span><span title=""exact quote"" class=""quoteExact"">data constructs tie into established centres of authority creating bonds that consolidate alliances, thus contributing to a convincing discourse of ‚Äòshared interests‚Äô between data science, governance and education.</span> <span title=""quote suffix"" class=""quoteContext"">The rest of the article is organ</span>","Still the question, who these data serve for? who benefit from these data? What is the data in the LMS for? How did the data facilitate the learners and instructor? To what extent? What is the involvement of developer?","https://hyp.is/-K5lmOYkEemrH8Na5gMuwg","https://www.tandfonline.com/doi/full/10.1080/17439884.2016.1182927#annotations:-K5lmOYkEemrH8Na5gMuwg"
"0","2019-10-03T21:19:30","https://www.tandfonline.com/doi/full/10.1080/17439884.2016.1182927","HopeinJ","fL7VruYjEemKxldLyQJZtQ","a3ZVxWe8","#question","<span title=""quote prefix"" class=""quoteContext"">nd the rise of a ‚Äòmarket logic‚Äô </span><span title=""exact quote"" class=""quoteExact"">focused on the negotiation of contracts and the provision of technical expertise, all framed by the unquestioned hegemony of performance data.</span> <span title=""quote suffix"" class=""quoteContext"">The rise of hybrid, public‚Äìpriva</span>","who define the knowledge? who define the standard of performance? Under what rules, as educators, are we playing here? ","https://hyp.is/fL7VruYjEemKxldLyQJZtQ","https://www.tandfonline.com/doi/full/10.1080/17439884.2016.1182927#annotations:fL7VruYjEemKxldLyQJZtQ"
"0","2019-10-03T21:12:40","https://www.tandfonline.com/doi/full/10.1080/17439884.2016.1182927","HopeinJ","WUvshOYiEemXFSN6giWO6A","a3ZVxWe8","#term","<span title=""quote prefix"" class=""quoteContext"">ich can be better described as ‚Äò</span><span title=""exact quote"" class=""quoteExact"">material semiotics</span> <span title=""quote suffix"" class=""quoteContext"">‚Äô to reflect a higher degree of </span>","""Material semiotics is a set of tools and sensibilities for exploring how practices in the social world are woven out of threads to form weaves that are simultaneously semiotic (because they are relational, and/or they carry meanings) and material (because they are about the physical stuff caught up and shaped in those relations.)"" ""It maps relations that are simultaneously material (between things) and semiotic (between concepts)""","https://hyp.is/WUvshOYiEemXFSN6giWO6A","https://www.tandfonline.com/doi/full/10.1080/17439884.2016.1182927#annotations:WUvshOYiEemXFSN6giWO6A"
"0","2019-10-03T21:05:44","https://www.tandfonline.com/doi/full/10.1080/17439884.2016.1182927","HopeinJ","kJ3mouYhEemseXNk6DEVVQ","a3ZVxWe8","#question","<span title=""quote prefix"" class=""quoteContext"">cluster analysis operates as a ‚Äò</span><span title=""exact quote"" class=""quoteExact"">performative device</span> <span title=""quote suffix"" class=""quoteContext"">‚Äô that translates clusters of di</span>","Does that it turned the cluster of data, the network of different elements, into something visible, revealing the dynamic interaction between these elements? ","https://hyp.is/kJ3mouYhEemseXNk6DEVVQ","https://www.tandfonline.com/doi/full/10.1080/17439884.2016.1182927#annotations:kJ3mouYhEemseXNk6DEVVQ"
"0","2019-10-03T20:31:24","https://solaresearch.org/wp-content/uploads/2017/05/chapter1.pdf","HopeinJ","xHjuzOYcEemy74_UyKHRnw","a3ZVxWe8","#WG_recommender_system","<span title=""quote prefix"" class=""quoteContext"">WLRQLQUHODWLRQVKLSFRXQVHOOLQJ</span><span title=""exact quote"" class=""quoteExact"">)RUHDFKFRQWH[WZHPXVWDVNQRWRQO\LIWKHDVVHVVPHQWLVPHDQLQJIXOEXWDOVRWRZKDWH[WHQWPHDQLQJIXOcomputational analytics can be designed to add value.</span> <span title=""quote suffix"" class=""quoteContext"">Moreover, we should also conside</span>","Then we may ask in the LMS, what value need the analytics in LMS add? Does the information provided by the LMS meet the needs of instructors? If not, what we could add there?","https://hyp.is/xHjuzOYcEemy74_UyKHRnw","https://solaresearch.org/wp-content/uploads/2017/05/chapter1.pdf#annotations:xHjuzOYcEemy74_UyKHRnw"
"0","2019-10-03T19:50:33","https://solaresearch.org/wp-content/uploads/2017/05/chapter1.pdf","HopeinJ","D_snEuYXEemocGuCqOlAwA","a3ZVxWe8","#question","<span title=""quote prefix"" class=""quoteContext"">ody implicit values and claims. </span><span title=""exact quote"" class=""quoteExact"">Fundamentally then, we argue that GHSOR\LQJDJLYHQOHDUQLQJDQDO\WLFVWRROH[SUHVVHVDcommitment to a particular educational worldview, designed to nurture particular kinds of learners</span> <span title=""quote suffix"" class=""quoteContext"">.In an earlier paper (Knight, Bu</span>","How could we find out what epistemology behind the LA tools and models? How could we make sure that the epistemology or the hidden assumption matches our own worldview? ","https://hyp.is/D_snEuYXEemocGuCqOlAwA","https://solaresearch.org/wp-content/uploads/2017/05/chapter1.pdf#annotations:D_snEuYXEemocGuCqOlAwA"
"0","2019-10-03T19:31:20","https://solaresearch.org/wp-content/uploads/2017/05/chapter1.pdf","HopeinJ","LsCaVOYUEemw3d_yopPuAw","a3ZVxWe8","#WG","<span title=""quote prefix"" class=""quoteContext"">g ZLOODOZD\VEHVLJQLƒÅFDQW"">√¢@</span><span title=""exact quote"" class=""quoteExact"">,QVXPZKHQworking with big data, theory is actually more important, not less, in interpreting results and identifying meaningful, actionable results. </span> <span title=""quote suffix"" class=""quoteContext"">)RUWKLVUHDVRQZHKDYHRIIHUHG</span>","What theory should we use when it comes to WG project?","https://hyp.is/LsCaVOYUEemw3d_yopPuAw","https://solaresearch.org/wp-content/uploads/2017/05/chapter1.pdf#annotations:LsCaVOYUEemw3d_yopPuAw"
"0","2019-10-03T19:27:03","https://solaresearch.org/wp-content/uploads/2017/05/chapter1.pdf","Xinran","x5t4-OYTEemWz1uLQ0s_5w","a3ZVxWe8","#WG_adaptive_learning","<span title=""quote prefix"" class=""quoteContext"">e learning analytic; whether or </span><span title=""exact quote"" class=""quoteExact"">not a particular technology provides after-the-fact or real-time feedback, and whether this feedback isintended to provide a scaffold or model for currentbehaviour, is targeted at future behaviour and learning, or is just intended as a feedback mechanism on prior work (which may not be covered again).</span> <span title=""quote suffix"" class=""quoteContext"">In our earlier paper, we made a </span>","We may look for some articles in regard to feedback's timing and intention for our adaptive learning project.","https://hyp.is/x5t4-OYTEemWz1uLQ0s_5w","https://solaresearch.org/wp-content/uploads/2017/05/chapter1.pdf#annotations:x5t4-OYTEemWz1uLQ0s_5w"
"1","2019-10-03T20:36:17","https://solaresearch.org/wp-content/uploads/2017/05/chapter1.pdf","HopeinJ","c4oL0OYdEemvs99TNx0jXw","a3ZVxWe8",,,"I think timing of feedback is important for the adaptive learning. How could the adaptive learning happen when it is not too late. ","https://hyp.is/c4oL0OYdEemvs99TNx0jXw","https://solaresearch.org/wp-content/uploads/2017/05/chapter1.pdf#annotations:c4oL0OYdEemvs99TNx0jXw"
"0","2019-10-02T00:30:17","https://solaresearch.org/wp-content/uploads/2017/05/chapter1.pdf","smit9583","ztBKBOSrEemZyVPE-yvMRw","a3ZVxWe8","#unintended_consequences, #reflective_practicioner, EPA_triad","<span title=""quote prefix"" class=""quoteContext""> education V\VWHPVZHDLPIRU)</span><span title=""exact quote"" class=""quoteExact"">RUH[DPSOHOHDUQLQJDQDO\WLFVFRXOGKDYHWKHSRWHQWLDOWR PDUJLQDOL]HOHDUQHUV DQGeducators) through the transformation of education into a technocratic system; 2) limit what we talk about DV√úOHDUQLQJ√ùWRZKDWZHFDQFUHDWHDQDO\WLFVIRUDQG H[FOXGHDOWHUQDWLYHZD\VRIHQJDJLQJLQDFWLYLWLHV(that may be hard to track computationally), to the detriment of learners. </span> <span title=""quote suffix"" class=""quoteContext"">Algorithms may both ignore, and </span>","I think when technology / LA is used for tech sake rather than in the support of good teaching & learning, the Pedagogy point in the EPA triad is lost (because that's not good teaching) and results in any of these three unintended consequences. A message I feel the authors make throughout this article is the call for educators always to be reflective practitioners in their approach to learning analytics, and the six questions that follow may offer a guide to do just that and avoid these three pitfalls.","https://hyp.is/ztBKBOSrEemZyVPE-yvMRw","https://solaresearch.org/wp-content/uploads/2017/05/chapter1.pdf#annotations:ztBKBOSrEemZyVPE-yvMRw"
"1","2019-10-03T20:04:38","https://solaresearch.org/wp-content/uploads/2017/05/chapter1.pdf","HopeinJ","Bz7B_uYZEemHQ0c7Z5CVSg","a3ZVxWe8",,,"Agree. As the essay states earlier that we should know what we use the LA for, instead of constraining our perspectives in the processing of using LA.","https://hyp.is/Bz7B_uYZEemHQ0c7Z5CVSg","https://solaresearch.org/wp-content/uploads/2017/05/chapter1.pdf#annotations:Bz7B_uYZEemHQ0c7Z5CVSg"
"0","2019-09-27T01:54:56","https://www-sciencedirect-com.ezp3.lib.umn.edu/science/article/pii/S0360131516301798","HopeinJ","mbLBcODJEem4Li9cWI0Q3g","a3ZVxWe8",,"<span title=""quote prefix"" class=""quoteContext"">egulation. Learners also missed </span><span title=""exact quote"" class=""quoteExact"">a sense of community</span> <span title=""quote suffix"" class=""quoteContext"">, which would limit the use of h</span>","That's pretty important to build the sense of community as the lack of it would render the feeling of exclusion and isolation, which might increase the rates of dropout. In the online community of inquiry, teaching(by learners) and cognitive presence might be the key factors to form that. ","https://hyp.is/mbLBcODJEem4Li9cWI0Q3g","https://www-sciencedirect-com.ezp3.lib.umn.edu/science/article/pii/S0360131516301798#annotations:mbLBcODJEem4Li9cWI0Q3g"
"0","2019-09-27T01:30:06","https://www-sciencedirect-com.ezp3.lib.umn.edu/science/article/pii/S0360131516301798","HopeinJ","VpPIpuDGEemVrU8b7lNoAQ","a3ZVxWe8","#random_thought","<span title=""quote prefix"" class=""quoteContext"">005, Zimmerman, 2015). Notably, </span><span title=""exact quote"" class=""quoteExact"">feedback is an inherent catalyst for self-regulated behavior.</span> <span title=""quote suffix"" class=""quoteContext""> Learners generate internal feed</span>","A random analogy comes into the mind: when I lose in the video game, I always reflect on what I have done wrong (it seems like a feedback). Then regulate and do it better in the next game. ","https://hyp.is/VpPIpuDGEemVrU8b7lNoAQ","https://www-sciencedirect-com.ezp3.lib.umn.edu/science/article/pii/S0360131516301798#annotations:VpPIpuDGEemVrU8b7lNoAQ"
"0","2019-09-26T22:08:28","https://files.eric.ed.gov/fulltext/EJ1176035.pdf","HopeinJ","JePIbOCqEemyoeND_EXICg","a3ZVxWe8","#random_thought","<span title=""quote prefix"" class=""quoteContext"">, now you should do B‚Äô; and (3) </span><span title=""exact quote"" class=""quoteExact"">how the changes produced by such communication can themselves be tracked</span> <span title=""quote suffix"" class=""quoteContext""> over time. The conceptualizatio</span>","How could this be tracked? How could we know that the impact has sustainable effect? Could the factors we assume turn out not to be the ones that do not account for the changes? It bring me back to the paper read in session three, would the interpretation of researchers be different from the that of learners?","https://hyp.is/JePIbOCqEemyoeND_EXICg","https://files.eric.ed.gov/fulltext/EJ1176035.pdf#annotations:JePIbOCqEemyoeND_EXICg"
"0","2019-09-26T21:49:51","https://files.eric.ed.gov/fulltext/EJ1176035.pdf","HopeinJ","Txre1uCmEemO47Mhf1TPaQ","a3ZVxWe8","#WG","<span title=""quote prefix"" class=""quoteContext"">ng could be further enriched by </span><span title=""exact quote"" class=""quoteExact"">integrating </span> <span title=""quote suffix"" class=""quoteContext"">other temporal analysis methods.</span>","the integration of these methods are great. So if WG will use temporal analysis, what constructs to focus on in different contexts? Could I say that Hypothes.is interaction is in the online reading-interactive context, and the KF is more sequential ideas building in project-based context? Will these two lines get closer to each other? What would be the shift in this course? Some scratches for the final project.","https://hyp.is/Txre1uCmEemO47Mhf1TPaQ","https://files.eric.ed.gov/fulltext/EJ1176035.pdf#annotations:Txre1uCmEemO47Mhf1TPaQ"
"0","2019-09-26T21:49:47","https://files.eric.ed.gov/fulltext/EJ1176035.pdf","HopeinJ","jsnHduCnEemkfnvEyAwM4A","a3ZVxWe8",,"<span title=""quote prefix"" class=""quoteContext"">ssed. Key questions may include </span><span title=""exact quote"" class=""quoteExact"">‚Äòwhether there is an idealized sequence model of discourse moves in knowledge-building discourse‚Äô, and if so, ‚Äòon what theoretical or pedagogical basis, ‚Äòat which level (individual, small group, or community)‚Äô, and ‚Äòin what timeframe‚Äô? </span> <span title=""quote suffix"" class=""quoteContext"">While we should seek novel analy</span>","questions to ask ","https://hyp.is/jsnHduCnEemkfnvEyAwM4A","https://files.eric.ed.gov/fulltext/EJ1176035.pdf#annotations:jsnHduCnEemkfnvEyAwM4A"
"0","2019-09-26T21:34:56","https://files.eric.ed.gov/fulltext/EJ1176035.pdf","HopeinJ","3cnSCOCiEemQetuzLh-wOw","a3ZVxWe8",,"<span title=""quote prefix"" class=""quoteContext"">n order to analyze a construct, </span><span title=""exact quote"" class=""quoteExact"">we must first identify contexts in which it may be meaningfully observed.</span> <span title=""quote suffix"" class=""quoteContext""> These contexts may introduce co</span>","Like it.","https://hyp.is/3cnSCOCiEemQetuzLh-wOw","https://files.eric.ed.gov/fulltext/EJ1176035.pdf#annotations:3cnSCOCiEemQetuzLh-wOw"
"0","2019-09-26T21:07:19","https://files.eric.ed.gov/fulltext/EJ1176035.pdf","HopeinJ","IfLxHuChEemT068VITVyOw","a3ZVxWe8","#question","<span title=""quote prefix"" class=""quoteContext"">earning (Wise & Shaffer, 2015). </span><span title=""exact quote"" class=""quoteExact"">The suggestedapproach takes a proactive and grounded stance to analysis, rather than starting from thinking about what temporal information is available in data. This is important in the development of theoretically aligned learning analytics,</span> <span title=""quote suffix"" class=""quoteContext""> and in considering (and critiqu</span>","Does that mean associating the time with, let's say, one construct such as emotion, and then the learning analytics is based on interaction between the emotional theory and time? Like the possible shift of emotion? More specific example?","https://hyp.is/IfLxHuChEemT068VITVyOw","https://files.eric.ed.gov/fulltext/EJ1176035.pdf#annotations:IfLxHuChEemT068VITVyOw"
"0","2019-09-26T21:06:46","https://files.eric.ed.gov/fulltext/EJ1176035.pdf","HopeinJ","jF-ZJuChEempf0sk5fGUtg","a3ZVxWe8",,"<span title=""quote prefix"" class=""quoteContext""> from each other. For instance, </span><span title=""exact quote"" class=""quoteExact"">cognition and emotion can be deeply intertwined,</span> <span title=""quote suffix"" class=""quoteContext""> leading researchers to investig</span>","Interested in the intertwining between the engagement and emotion under the game mechanics. ","https://hyp.is/jF-ZJuChEempf0sk5fGUtg","https://files.eric.ed.gov/fulltext/EJ1176035.pdf#annotations:jF-ZJuChEempf0sk5fGUtg"
"0","2019-09-26T20:00:50","https://files.eric.ed.gov/fulltext/EJ1176035.pdf","HopeinJ","AASEuOCYEemVcsfUuDLW7g","a3ZVxWe8","#question","<span title=""quote prefix"" class=""quoteContext"">ial impact. Second, it draws on </span><span title=""exact quote"" class=""quoteExact"">the fluid relationship between ‚Äòanalyzed time‚Äô and ‚Äòexperienced time‚Äô</span> <span title=""quote suffix"" class=""quoteContext""> to highlight the need for cauti</span>","That's the point that I need some guidance and suggestion. How could the temporal analysis in-time serve the learners?","https://hyp.is/AASEuOCYEemVcsfUuDLW7g","https://files.eric.ed.gov/fulltext/EJ1176035.pdf#annotations:AASEuOCYEemVcsfUuDLW7g"
"0","2019-09-25T17:25:43","https://files.eric.ed.gov/fulltext/EJ1176035.pdf","Xinran","gN5S7N-5EemdzDP_uxZisQ","a3ZVxWe8","#temporal_features","<span title=""quote prefix"" class=""quoteContext"">r directly or after some lag), </span><span title=""exact quote"" class=""quoteExact"">rates of transition from one state to another</span> <span title=""quote suffix"" class=""quoteContext"">, similarities in sequences, or </span>","I am thinking of the possibility of using this as an identifier of higher level cognitive activities-exploring external resources, relating different resources, etc..","https://hyp.is/gN5S7N-5EemdzDP_uxZisQ","https://files.eric.ed.gov/fulltext/EJ1176035.pdf#annotations:gN5S7N-5EemdzDP_uxZisQ"
"1","2019-09-26T21:11:58","https://files.eric.ed.gov/fulltext/EJ1176035.pdf","HopeinJ","RnE5luCiEemGgKfFeixd7Q","a3ZVxWe8",,,"Xinran, would you mind illustrating how to observe this? ","https://hyp.is/RnE5luCiEemGgKfFeixd7Q","https://files.eric.ed.gov/fulltext/EJ1176035.pdf#annotations:RnE5luCiEemGgKfFeixd7Q"
"0","2019-09-20T03:33:54","https://arxiv.org/pdf/1812.08335.pdf","HopeinJ","eNMBlNtXEem3RZ8EoyWXCA","a3ZVxWe8","#random_thought","<span title=""quote prefix"" class=""quoteContext""> existing WikiProjects.4.2.2 </span><span title=""exact quote"" class=""quoteExact"">Value Sensitive Design Process</span> <span title=""quote suffix"" class=""quoteContext"">.Drawing on the principlesof Val</span>","Good example to combine the perspectives of stakeholders to develop prototype. How could I use it in my own project?","https://hyp.is/eNMBlNtXEem3RZ8EoyWXCA","https://arxiv.org/pdf/1812.08335.pdf#annotations:eNMBlNtXEem3RZ8EoyWXCA"
"0","2019-09-20T02:42:19","https://arxiv.org/pdf/1812.08335.pdf","HopeinJ","RBhedNtQEemuwJcqZ-1b_g","a3ZVxWe8",,"<span title=""quote prefix"" class=""quoteContext"">he given sociocultural context. </span><span title=""exact quote"" class=""quoteExact"">Empiricalinvestigations of student perceptions of different layoutscould be necessary.</span> <span title=""quote suffix"" class=""quoteContext"">‚Ä¢Considering the values offairne</span>","Agree. The acceptance of layout is important as when it gives students the feeling of embarrassment or exclusion, it will not help them with their learning or engagement in class. Personally speaking, not like force-directed layout. ","https://hyp.is/RBhedNtQEemuwJcqZ-1b_g","https://arxiv.org/pdf/1812.08335.pdf#annotations:RBhedNtQEemuwJcqZ-1b_g"
"0","2019-09-20T02:27:35","https://arxiv.org/pdf/1812.08335.pdf","HopeinJ","tIt9xNtNEemmSpNZcrVnlQ","a3ZVxWe8",,"<span title=""quote prefix"" class=""quoteContext"">ld their identities be revealed.</span><span title=""exact quote"" class=""quoteExact""> Thislayout can potentially contribute to the ‚Äúrich-club‚Äù phenomenonin online discussions [36], potentially channeling more attentionto students in the center and leading to the exclusion of less activestudents in future interactions.</span> <span title=""quote suffix"" class=""quoteContext"">There are also values that are i</span>","Or maybe vice versa. Personal experience, I also visualized a SNA for discussion in one course attended. There were peers that lingered on the edge of network, what triggered me to do was 1) contemplated over what cause this phenomenon (the time of posting, busy schedule, etc) 2) replied to his/her posts or comments more. ","https://hyp.is/tIt9xNtNEemmSpNZcrVnlQ","https://arxiv.org/pdf/1812.08335.pdf#annotations:tIt9xNtNEemmSpNZcrVnlQ"
"0","2019-09-20T01:46:52","https://arxiv.org/pdf/1812.08335.pdf","HopeinJ","hQhQ4NtIEemuPm_HAZi2nA","a3ZVxWe8","#random_thought","<span title=""quote prefix"" class=""quoteContext"">pport or undermine human values.</span><span title=""exact quote"" class=""quoteExact"">These three types of investigations can be integrated in an iterativedesign process to holistically address human values</span> <span title=""quote suffix"" class=""quoteContext"">.Fourteen different methods can </span>","just wondering how long this iteration could be If it focuses on multiple values? Also with the change of time, the holistically addressed human value would need conceptualization again, thus how long could it be proactive?Or is it in specific context or temporal? An ongoing investigation?","https://hyp.is/hQhQ4NtIEemuPm_HAZi2nA","https://arxiv.org/pdf/1812.08335.pdf#annotations:hQhQ4NtIEemuPm_HAZi2nA"
"0","2019-09-20T01:32:18","https://arxiv.org/pdf/1812.08335.pdf","HopeinJ","XMu6TNtGEembCkMyurJwQQ","a3ZVxWe8",,"<span title=""quote prefix"" class=""quoteContext"">rientation towards human values,</span><span title=""exact quote"" class=""quoteExact"">Value Sensi-tive Design‚Äúrepresents a pioneering endeavor to proactively con-sider human values throughout the process of technology design‚Äù</span> <span title=""quote suffix"" class=""quoteContext"">[8, p. 1]. In Value Sensitive De</span>","through the process of technology design","https://hyp.is/XMu6TNtGEembCkMyurJwQQ","https://arxiv.org/pdf/1812.08335.pdf#annotations:XMu6TNtGEembCkMyurJwQQ"
"0","2019-09-20T01:32:13","https://arxiv.org/pdf/1812.08335.pdf","HopeinJ","Gx9uLNtGEemW2s9ynynkag","a3ZVxWe8","#question","<span title=""quote prefix"" class=""quoteContext"">s, we need means to interrogate </span><span title=""exact quote"" class=""quoteExact"">the values that areoften in tension with each other</span> <span title=""quote suffix"" class=""quoteContext"">. The learning analyticsaccounta</span>","Interesting. What values are crucial to the learning but in tension? How could LA reconcile these values? ","https://hyp.is/Gx9uLNtGEemW2s9ynynkag","https://arxiv.org/pdf/1812.08335.pdf#annotations:Gx9uLNtGEemW2s9ynynkag"
"0","2019-09-19T19:33:07","https://solaresearch.org/wp-content/uploads/2017/05/chapter4.pdf","HopeinJ","TqQmXNsUEemuxfOJRhGorg","a3ZVxWe8",,"<span title=""quote prefix"" class=""quoteContext"">DZLVKIRUDULJKWWRopt out. </span><span title=""exact quote"" class=""quoteExact"">This direct involvement of student voices in shaping a policy dealing with the ethics of learning analytics offered unique insight into the ways in which students regard their data ‚Äî as a valuable entity to be carefully protected and even more carefully applied. </span> <span title=""quote suffix"" class=""quoteContext"">*LYHQWKDWWKHVDPSOHLQ6ODGHD</span>","This might be how the ethical concerns of LA are enablers instead of barriers. The perspectives of students on the data collection and use might shed a light on what they assume are important. It's also a way to build trust and reconcile the potential conflicts btw learners and institutions. It involves the accountability from both agents and institutions. ","https://hyp.is/TqQmXNsUEemuxfOJRhGorg","https://solaresearch.org/wp-content/uploads/2017/05/chapter4.pdf#annotations:TqQmXNsUEemuxfOJRhGorg"
"0","2019-09-19T18:51:20","https://solaresearch.org/wp-content/uploads/2017/05/chapter4.pdf","HopeinJ","eCGfnNsOEemt_3vJ9fnQjw","a3ZVxWe8",,"<span title=""quote prefix"" class=""quoteContext"">LQWRHGXFDWLRQDOSUDFWLFH√ùDQG</span><span title=""exact quote"" class=""quoteExact"">VHHHWKLFVDQGSULYDF\DVLPSRUWDQWHQDEOHUVWRWKHƒÅHOGRIOHDUQ-LQJDQDO\WLFV√úUDWKHUWKDQEDUULHUV</span> <span title=""quote suffix"" class=""quoteContext"">√ù S :HEULHƒÇ\VLWXDWHVHWW</span>","Fresh perspective for me, and wonder how.","https://hyp.is/eCGfnNsOEemt_3vJ9fnQjw","https://solaresearch.org/wp-content/uploads/2017/05/chapter4.pdf#annotations:eCGfnNsOEemt_3vJ9fnQjw"
"0","2019-09-19T00:09:28","https://solaresearch.org/wp-content/uploads/2017/05/chapter4.pdf","johnmbarnett","vzSZhtpxEem3Ndcf2E5D8A","a3ZVxWe8","#snapshot, #temporal","<span title=""quote prefix"" class=""quoteContext"">L]LQJWKDWDQDO\WLFVprovides a </span><span title=""exact quote"" class=""quoteExact"">snapshot view</span> <span title=""quote suffix"" class=""quoteContext""> of a learner at a particular WL</span>","This strikes me as important. In my work in Leadership and Talent Development (LTD) at the University, we often do behavioral assessments and skills assessments, and we try to make sure we emphasize that the results are just a snapshot in time -- i.e., not necessarily determinant of you long-term. There is a limit of how we can use assessments, similar to analytics, but it's a useful tool if it's framed as capturing a temporal context.","https://hyp.is/vzSZhtpxEem3Ndcf2E5D8A","https://solaresearch.org/wp-content/uploads/2017/05/chapter4.pdf#annotations:vzSZhtpxEem3Ndcf2E5D8A"
"1","2019-09-19T01:25:29","https://solaresearch.org/wp-content/uploads/2017/05/chapter4.pdf","BetsyS","XbNmRtp8EemepDMAD746bA","a3ZVxWe8","#LAUMN, #snapshot_view",,"John: I agree with the importance of acknowledging that the data is only a snapshop view of the whole person. This principle resonates with me because students get mislabeled based solely on a test. The standardize testing in K-12 can often label schools as failing, yet they neglect to see there is so much more to the people behind the data. The recent documentary on KARE11, [Love Them First](https://www.lovethemfirst.com/) is a powerful example of how progress being made in a school is not showing up in testing. ","https://hyp.is/XbNmRtp8EemepDMAD746bA","https://solaresearch.org/wp-content/uploads/2017/05/chapter4.pdf#annotations:XbNmRtp8EemepDMAD746bA"
"2","2019-09-19T19:18:40","https://solaresearch.org/wp-content/uploads/2017/05/chapter4.pdf","HopeinJ","SYHSDNsSEemtNUsaEmwv0A","a3ZVxWe8",,,"Betsy, I think it's interesting to have the temporal analysis on the learning process of students, which might reveal the factors and events for the up-or-down turning point. ","https://hyp.is/SYHSDNsSEemtNUsaEmwv0A","https://solaresearch.org/wp-content/uploads/2017/05/chapter4.pdf#annotations:SYHSDNsSEemtNUsaEmwv0A"
"1","2019-09-19T19:20:19","https://solaresearch.org/wp-content/uploads/2017/05/chapter4.pdf","HopeinJ","dnKepNsSEemtnMehVJVezg","a3ZVxWe8",,,"John, I am interested in the temporal analysis for the observation of dynamic process might reveal the reason for the changes","https://hyp.is/dnKepNsSEemtnMehVJVezg","https://solaresearch.org/wp-content/uploads/2017/05/chapter4.pdf#annotations:dnKepNsSEemtnMehVJVezg"
"0","2019-09-17T04:31:23","https://solaresearch.org/wp-content/uploads/2017/05/chapter4.pdf","Chen_Chen","ASxJttkEEem2v1s8HkukJQ","a3ZVxWe8","#ethics","<span title=""quote prefix"" class=""quoteContext"">DXVVEDQG:DWWHUV </span><span title=""exact quote"" class=""quoteExact"">Ethical implications around the collection, analysis, DQGXVHRIVWXGHQWGDWDVKRXOGWDNHFRJQL]DQFHRIWKHSRWHQWLDOO\FRQƒÇLFWLQJLQWHUHVWVDQGFODLPVRIDUDQJHRIVWDNHKROGHUVVXFKDVVWXGHQWVDQGLQVWLWXWLRQV</span> <span title=""quote suffix"" class=""quoteContext"">9LHZVRQWKHEHQHƒÅWVULVNVD</span>","According to [Learning Analytics Ethical Issues and Dilemmas](https://www.researchgate.net/publication/258122968_Learning_Analytics_Ethical_Issues_and_Dilemmas), ""Ethical issues for learning analytics fall into the following broad, often overlapping categories: 1. The location and interpretation of data; 2. Informed consent, privacy, and the deidentification of data; 3. The management, classification, and storage of data; Such ethical issues are not unique to education, and similar debates relating to the use of data to inform decisions and interventions are also found in the health sector, human resource management, talent management, homeland security, and biopolitics. Of specific concern here are the implications of viewing learning analytics as moral practice, recognizing students as participatory agents with developmental and temporal identities and learning trajectories and the need for reciprocal transparency. Learning analytics as moral practice functions as a counter narrative to using student data in service of neoliberal consumer-driven market ideologies"". I am looking forward to reading more on how the ethical issues are discussed in this chapter.","https://hyp.is/ASxJttkEEem2v1s8HkukJQ","https://solaresearch.org/wp-content/uploads/2017/05/chapter4.pdf#annotations:ASxJttkEEem2v1s8HkukJQ"
"1","2019-09-19T01:00:29","https://solaresearch.org/wp-content/uploads/2017/05/chapter4.pdf","BetsyS","37El4tp4EemchL9Vmj0-yQ","a3ZVxWe8","#LAUMN, #ethics",,"Chen: It's a false assumption that students know what information is collected on them and how it's used. Transparency has the potential to benefit all stakeholders when everyone has an equal understanding of what is trying be uncovered.","https://hyp.is/37El4tp4EemchL9Vmj0-yQ","https://solaresearch.org/wp-content/uploads/2017/05/chapter4.pdf#annotations:37El4tp4EemchL9Vmj0-yQ"
"1","2019-09-19T19:05:22","https://solaresearch.org/wp-content/uploads/2017/05/chapter4.pdf","HopeinJ","bn076NsQEemR_uOlHWKr6g","a3ZVxWe8",,,"Thanks for sharing, Chen. I am just wondering whether the LA could be used as moral practice as the researcher, the analytic tools, the algorithm mode etc. could direct the consequence toward the benefits of some stakeholder. ","https://hyp.is/bn076NsQEemR_uOlHWKr6g","https://solaresearch.org/wp-content/uploads/2017/05/chapter4.pdf#annotations:bn076NsQEemR_uOlHWKr6g"
"2","2019-09-19T19:08:39","https://solaresearch.org/wp-content/uploads/2017/05/chapter4.pdf","HopeinJ","469Y9tsQEemxi8tsdh8zmg","a3ZVxWe8",,,"Agree, Betsy. It's very important to make sure that the participants understand what the information of them would be collected, how it would be used, for what purpose, who would get access to the data, and how it would be dealt with after the research. ","https://hyp.is/469Y9tsQEemxi8tsdh8zmg","https://solaresearch.org/wp-content/uploads/2017/05/chapter4.pdf#annotations:469Y9tsQEemxi8tsdh8zmg"
"0","2019-09-16T03:14:34","https://iite.unesco.org/pics/publications/en/files/3214711.pdf","Xinran","G2MnotgwEemqzXuP708JBw","a3ZVxWe8","#learning_analytics","<span title=""quote prefix"" class=""quoteContext"">have greater confi dence in the </span><span title=""exact quote"" class=""quoteExact"">predic∆ü ve power </span> <span title=""quote suffix"" class=""quoteContext"">of key learner behaviours when t</span>","When talking about educational research, I think the predictive power is always hard to pursue since the diverse and complex feature of individuals. I want to learn more about how LA will contribute to it. ","https://hyp.is/G2MnotgwEemqzXuP708JBw","https://iite.unesco.org/pics/publications/en/files/3214711.pdf#annotations:G2MnotgwEemqzXuP708JBw"
"1","2019-09-16T18:04:07","https://iite.unesco.org/pics/publications/en/files/3214711.pdf","HopeinJ","YGk1htisEemzJMcArd-8GA","a3ZVxWe8",,,"That's interesting about predictive model as it might need adjustment when it comes to a different learning context or different characteristics of learners.","https://hyp.is/YGk1htisEemzJMcArd-8GA","https://iite.unesco.org/pics/publications/en/files/3214711.pdf#annotations:YGk1htisEemzJMcArd-8GA"
"0","2019-09-13T01:34:13","https://iite.unesco.org/pics/publications/en/files/3214711.pdf","smit9583","ZIWeTNW1EemFb-dXtJG6fA","a3ZVxWe8","#digitaldivide, #digitalliteracy","<span title=""quote prefix"" class=""quoteContext"">into a public good by fostering </span><span title=""exact quote"" class=""quoteExact"">new kinds of literacies </span> <span title=""quote suffix"" class=""quoteContext"">and ethics, and combining commer</span>","A new kind of literacy is digital literacy. How can we ensure all students have equal opportunities to access the right tools in order to develop digital literacies. ","https://hyp.is/ZIWeTNW1EemFb-dXtJG6fA","https://iite.unesco.org/pics/publications/en/files/3214711.pdf#annotations:ZIWeTNW1EemFb-dXtJG6fA"
"1","2019-09-16T17:55:02","https://iite.unesco.org/pics/publications/en/files/3214711.pdf","HopeinJ","G3VMVNirEem-hiuiAewz6A","a3ZVxWe8",,,"that is a concern in the development of digital literacies: whether the technology nowadays enlarge the divide or shorten it? I have students from remote mountain areas, the computers and MOOCS open for did not fit them quite well owing to their own digital literacies and prior knowledge. Specific measurement and design needs to be done.","https://hyp.is/G3VMVNirEem-hiuiAewz6A","https://iite.unesco.org/pics/publications/en/files/3214711.pdf#annotations:G3VMVNirEem-hiuiAewz6A"
"0","2019-09-12T21:41:57","https://iite.unesco.org/pics/publications/en/files/3214711.pdf","HopeinJ","HuNj3tWlEemxVm8eF-wj0A","a3ZVxWe8",,"<span title=""quote prefix"" class=""quoteContext"">with human judgment. In short, i</span><span title=""exact quote"" class=""quoteExact"">t is as na√Øve to believe that ‚Äòdata speaks for itself‚Äô as it is to believe that a text has a single, objec∆ü vely discernible meaning for all contexts.</span> <span title=""quote suffix"" class=""quoteContext"">Learning Analytics Perpetuate As</span>","Agree! The data tells a story through human lens, what is filtered, what is highlighted? Will we only see the data that we feel ""comfortable"" or interpret it in a way to our research questions?","https://hyp.is/HuNj3tWlEemxVm8eF-wj0A","https://iite.unesco.org/pics/publications/en/files/3214711.pdf#annotations:HuNj3tWlEemxVm8eF-wj0A"
"1","2019-09-13T00:17:20","https://iite.unesco.org/pics/publications/en/files/3214711.pdf","johnmbarnett","2ik-HtW7EemHoPN_a5pY3A","a3ZVxWe8","#data, #ethics, #neutrality",,"Yes, it's hard to say data is always objective. While objectivity seems like the goal, the context of the collector and the usage layers on biases and subjectivity in ways we are aware of and ways we are not. Who's collecting? What are they collecting? What aren't they collecting? To what end? etc. There are many questions we can and should ask ourselves when using data.","https://hyp.is/2ik-HtW7EemHoPN_a5pY3A","https://iite.unesco.org/pics/publications/en/files/3214711.pdf#annotations:2ik-HtW7EemHoPN_a5pY3A"
"2","2019-09-13T01:55:35","https://iite.unesco.org/pics/publications/en/files/3214711.pdf","HopeinJ","k62XatXJEembP19pl8h4kA","a3ZVxWe8",,,"These are great questions that I should keep in mind too. ","https://hyp.is/k62XatXJEembP19pl8h4kA","https://iite.unesco.org/pics/publications/en/files/3214711.pdf#annotations:k62XatXJEembP19pl8h4kA"
"0","2019-09-12T21:41:44","https://iite.unesco.org/pics/publications/en/files/3214711.pdf","HopeinJ","FDa0ntWmEemGMQPsvSUzew","a3ZVxWe8",,"<span title=""quote prefix"" class=""quoteContext"">out themselves, or their peers? </span><span title=""exact quote"" class=""quoteExact"">Are teachers skilled enough to devise appropriate interven∆ü ons based on them?</span> <span title=""quote suffix"" class=""quoteContext""> Can data be anonymised adequate</span>","that is a point.","https://hyp.is/FDa0ntWmEemGMQPsvSUzew","https://iite.unesco.org/pics/publications/en/files/3214711.pdf#annotations:FDa0ntWmEemGMQPsvSUzew"
"0","2019-09-12T21:22:44","https://iite.unesco.org/pics/publications/en/files/3214711.pdf","HopeinJ","dUNfstWhEemgoaMvCg9n-w","a3ZVxWe8","#sharing","<span title=""quote prefix"" class=""quoteContext"">ocial Network AnalyticsConcept. </span><span title=""exact quote"" class=""quoteExact"">Social network analysis</span> <span title=""quote suffix"" class=""quoteContext""> (some∆ü mes called Organisa∆ü ona</span>","While watching the video of George, I was impressed again by the point of weak tie for the information retrieval. It just reminded me of one video in SNA course from Bodong, giving example of that point (the team use R to do the SNA as we did). Share the link in case any of us is interested: https://youtu.be/4WOGwRQWyNM","https://hyp.is/dUNfstWhEemgoaMvCg9n-w","https://iite.unesco.org/pics/publications/en/files/3214711.pdf#annotations:dUNfstWhEemgoaMvCg9n-w"
"0","2019-09-12T20:55:18","https://iite.unesco.org/pics/publications/en/files/3214711.pdf","HopeinJ","oQ8ujtWfEemtU98yOpa2uw","a3ZVxWe8",,"<span title=""quote prefix"" class=""quoteContext"">-risk students.31Models may be c</span><span title=""exact quote"" class=""quoteExact"">ontext-specifi c</span> <span title=""quote suffix"" class=""quoteContext""> to the par∆ü cular ins∆ü tu∆ü on,</span>","that's also one point I was kind of confused last year: in what way could my research be useful to other scholars and learners if it's context-based? How could it be generalized? Keep research process as detailed as possible. ","https://hyp.is/oQ8ujtWfEemtU98yOpa2uw","https://iite.unesco.org/pics/publications/en/files/3214711.pdf#annotations:oQ8ujtWfEemtU98yOpa2uw"
"0","2019-09-12T20:30:17","https://iite.unesco.org/pics/publications/en/files/3214711.pdf","HopeinJ","If_R8NWcEemFvJPRBJ0OCw","a3ZVxWe8","#question","<span title=""quote prefix"" class=""quoteContext"">ent variables. Learners may get </span><span title=""exact quote"" class=""quoteExact"">basic analy∆ü cs such as how they are doing rela∆ü ve to the cohort average</span> <span title=""quote suffix"" class=""quoteContext""> (e.g. test Learning Analytics5s</span>","Just wondering the impact of basic analytics on learners: will the data really help them catch up with other peers, or discourage them? ","https://hyp.is/If_R8NWcEemFvJPRBJ0OCw","https://iite.unesco.org/pics/publications/en/files/3214711.pdf#annotations:If_R8NWcEemFvJPRBJ0OCw"
"1","2019-09-12T23:39:03","https://iite.unesco.org/pics/publications/en/files/3214711.pdf","smit9583","gOZ8QNW2Eem41j84rbWlxg","a3ZVxWe8",,,"That's a great question. I think it might work both ways depending on the learner. More competitive, possibly higher performing students may respond positively to such data, but I can also envision a struggling student might feel discouraged and develop learned helplessness over time. ","https://hyp.is/gOZ8QNW2Eem41j84rbWlxg","https://iite.unesco.org/pics/publications/en/files/3214711.pdf#annotations:gOZ8QNW2Eem41j84rbWlxg"
"1","2019-09-13T00:05:48","https://iite.unesco.org/pics/publications/en/files/3214711.pdf","johnmbarnett","0dEyitW2EemlPE-AGntGRA","a3ZVxWe8","#question, #motivation, #adultlearners",,"I've wondered that too. We've tossed around the idea in my department of having ""leaderboards"" based on activity completions/contributions. I don't know the social/psychological impact that would have -- it seems to me that it could be very motivating for some and very discouraging for others. (Context: my instructional audience is non-degree seeking, working University supervisors, so motivation for them to develop in an area that they have to balance on top of there other work duties is something we think about often).","https://hyp.is/0dEyitW2EemlPE-AGntGRA","https://iite.unesco.org/pics/publications/en/files/3214711.pdf#annotations:0dEyitW2EemlPE-AGntGRA"
"2","2019-09-13T01:50:30","https://iite.unesco.org/pics/publications/en/files/3214711.pdf","HopeinJ","3jbFltXIEembPjt-1ROWtQ","a3ZVxWe8",,,"It really depends on the individual characteristics as some might work harder when falling behind while some just get disheartened. It might be the time point to view the board. I just thought about basketball game: if the difference is within one-digit number, it could catch up; but when it comes to a large distance, participants are inclined to give up. ","https://hyp.is/3jbFltXIEembPjt-1ROWtQ","https://iite.unesco.org/pics/publications/en/files/3214711.pdf#annotations:3jbFltXIEembPjt-1ROWtQ"
"2","2019-09-13T01:50:59","https://iite.unesco.org/pics/publications/en/files/3214711.pdf","HopeinJ","73v12NXIEem6qDOa3kmwRg","a3ZVxWe8",,,"I feel so nervous while thinking about the boards...","https://hyp.is/73v12NXIEem6qDOa3kmwRg","https://iite.unesco.org/pics/publications/en/files/3214711.pdf#annotations:73v12NXIEem6qDOa3kmwRg"
"1","2019-09-16T03:25:47","https://iite.unesco.org/pics/publications/en/files/3214711.pdf","leigh138","rRNSttgxEemJHfMnovKVpg","a3ZVxWe8",,,"This is a great question, but I wonder if it is not defined enough. I am working on a project for the University regarding undergraduate student data and degree progress toward graduation. There are so many things that are involved with a student's success and experiences at the University that some dashboards and data may have to be taken with a grain of salt and approached individually for each student. For example, a student may be showing as high-risk for graduating later than expected--is this because of the curriculum, the program requirements, or personal issues outside of school and or work? The student's advisor(s) may need to approach them first regarding their degree requirements and then ask them other questions to get to the root of the problem if the student is willing to share.","https://hyp.is/rRNSttgxEemJHfMnovKVpg","https://iite.unesco.org/pics/publications/en/files/3214711.pdf#annotations:rRNSttgxEemJHfMnovKVpg"
"2","2019-09-16T18:13:37","https://iite.unesco.org/pics/publications/en/files/3214711.pdf","HopeinJ","tDAs3NitEemQ3m_Ptod7NQ","a3ZVxWe8",,,"I totally agree with that. Data give direction or trend but it needs deep inquiry to find out the reasons that form the data, which could quite complicated.","https://hyp.is/tDAs3NitEemQ3m_Ptod7NQ","https://iite.unesco.org/pics/publications/en/files/3214711.pdf#annotations:tDAs3NitEemQ3m_Ptod7NQ"
"0","2019-09-13T01:14:09","urn:x-pdf:5215a250cfa48da144589f1cd655dd6f","HopeinJ","1Ws6ENXCEembNhe90tZkEQ","a3ZVxWe8","#random_thought","<span title=""quote prefix"" class=""quoteContext"">utcome, such as a course grade. </span><span title=""exact quote"" class=""quoteExact"">Merging data on what students do, i.e., process data, with how well they do, i.e., outcome data, are the building blocks of multiple types of models, described later. </span> <span title=""quote suffix"" class=""quoteContext"">Explore Exploratory data analysi</span>","while reading this, I am thinking about we could improve the learning process(dynamic) based on the learning outcome (static) But what does the dynamic data include? The interaction btw learner and technology? The engagement? what if the high engagement produce not satisfactory results? Will the data reveal on what part needed to be improved?","https://hyp.is/1Ws6ENXCEembNhe90tZkEQ","urn:x-pdf:5215a250cfa48da144589f1cd655dd6f#annotations:1Ws6ENXCEembNhe90tZkEQ"
"0","2019-09-12T22:34:10","urn:x-pdf:5215a250cfa48da144589f1cd655dd6f","HopeinJ","cGJDgNWtEemECmMH8mKCbQ","a3ZVxWe8",,"<span title=""quote prefix"" class=""quoteContext""> at the University of Michigan. </span><span title=""exact quote"" class=""quoteExact"">Major takeaways from these analyses revealed that most instructors use relatively few tools that are provided by the LMS but that factors such as the college one teaches in and the enrollment size of the course can affect the number of tools used. </span> <span title=""quote suffix"" class=""quoteContext"">In general, instructors favor us</span>","That's true. In the early years of teaching, few tools were used as there were only 25-30 students in one class, but in recent years when the class enrollment size reach 65 or 70, more tools are demanded to increase the engagement of students no matter in in-person and blended learning. From my perspective, technology sometimes only facilitate but give some ideas about the design of learning activities and environment. ","https://hyp.is/cGJDgNWtEemECmMH8mKCbQ","urn:x-pdf:5215a250cfa48da144589f1cd655dd6f#annotations:cGJDgNWtEemECmMH8mKCbQ"
"0","2019-09-12T04:17:17","https://colig.github.io/laumn/post/week2/","HopeinJ","NTNX1NUUEemd8Os2k6XJaQ","a3ZVxWe8",,"<span title=""quote prefix"" class=""quoteContext"">hreads section quite useful for </span><span title=""exact quote"" class=""quoteExact"">discovering threads with more (or less) participation.</span> <span title=""quote suffix"" class=""quoteContext""> You can click on a particular t</span>","Very interesting to look at the data. The longest thread involves 6 peers interacting with each other on data interpretation and privacy ","https://hyp.is/NTNX1NUUEemd8Os2k6XJaQ","https://colig.github.io/laumn/post/week2/#annotations:NTNX1NUUEemd8Os2k6XJaQ"
"0","2019-09-04T01:56:37","https://journals-sagepub-com.ezp3.lib.umn.edu/doi/pdf/10.1177/0002764213498851","HopeinJ","Ox7Tts63EemHVD-6hEnNNQ","a3ZVxWe8",,"<span title=""quote prefix"" class=""quoteContext""> and software may in the future </span><span title=""exact quote"" class=""quoteExact"">be capable of innovation in modeling learner creativity</span> <span title=""quote suffix"" class=""quoteContext"">, but currently even agent-based</span>","possible? promoting creativity in a model which is limited itself by algorithm","https://hyp.is/Ox7Tts63EemHVD-6hEnNNQ","https://journals-sagepub-com.ezp3.lib.umn.edu/doi/pdf/10.1177/0002764213498851#annotations:Ox7Tts63EemHVD-6hEnNNQ"
"0","2019-09-04T01:54:20","https://journals-sagepub-com.ezp3.lib.umn.edu/doi/pdf/10.1177/0002764213498851","HopeinJ","3A-jWs62EemRFv86euq8_Q","a3ZVxWe8",,"<span title=""quote prefix"" class=""quoteContext"">a presents a secondary concern. </span><span title=""exact quote"" class=""quoteExact"">Who has access to analytics? Should a student be able to see what an institu-tion sees? Given variations in privacy laws, should educators be able to see the analyt-ics performed on students in different courses? On graduation, should analytics be made available to prospective employees? When a learner transfers to a different pro-gram or a different university, what happens to his or her data?</span> <span title=""quote suffix"" class=""quoteContext""> How long does a uni-versity kee</span>","very good questions ","https://hyp.is/3A-jWs62EemRFv86euq8_Q","https://journals-sagepub-com.ezp3.lib.umn.edu/doi/pdf/10.1177/0002764213498851#annotations:3A-jWs62EemRFv86euq8_Q"
"0","2019-09-04T01:45:36","https://journals-sagepub-com.ezp3.lib.umn.edu/doi/pdf/10.1177/0002764213498851","HopeinJ","sUICms61EemflCe8L_9HnA","a3ZVxWe8",,"<span title=""quote prefix"" class=""quoteContext"">ort resource recommendations or </span><span title=""exact quote"" class=""quoteExact"">creating predictive models of learner suc-cess</span> <span title=""quote suffix"" class=""quoteContext"">, are not possible without top-d</span>","I am curious in the presence of instructor in this ""top-down support in a university"" ","https://hyp.is/sUICms61EemflCe8L_9HnA","https://journals-sagepub-com.ezp3.lib.umn.edu/doi/pdf/10.1177/0002764213498851#annotations:sUICms61EemflCe8L_9HnA"
"0","2019-09-04T01:29:05","https://journals-sagepub-com.ezp3.lib.umn.edu/doi/pdf/10.1177/0002764213498851","HopeinJ","MqtNYs6zEemJq1c_uyXseQ","a3ZVxWe8","#sharing","<span title=""quote prefix"" class=""quoteContext""> into a broad range of sources, </span><span title=""exact quote"" class=""quoteExact"">includ-ing the physical interactions that currently do not leave data trails</span> <span title=""quote suffix"" class=""quoteContext"">, is important in increasing the</span>","I am motivated to see how the physical interactions are captured from multiple perspectives to form a rich data for analysis in the article ""Towards Collaboration Translucence: Giving Meaning to Multimodal Group Data"".","https://hyp.is/MqtNYs6zEemJq1c_uyXseQ","https://journals-sagepub-com.ezp3.lib.umn.edu/doi/pdf/10.1177/0002764213498851#annotations:MqtNYs6zEemJq1c_uyXseQ"
"1","2019-09-06T16:55:38","https://journals-sagepub-com.ezp3.lib.umn.edu/doi/pdf/10.1177/0002764213498851","ricex267","Ju-QJtDHEemwscsFqzeojA","a3ZVxWe8",,,"I currently working on a project that requires me to collect video, audio and pictures of teacher's ""STEM lessons"" and I would also like to dive further into more intricate ways of capturing ""physical interactions"" within these lessons and somehow quantifying it to turn it into useful data. ","https://hyp.is/Ju-QJtDHEemwscsFqzeojA","https://journals-sagepub-com.ezp3.lib.umn.edu/doi/pdf/10.1177/0002764213498851#annotations:Ju-QJtDHEemwscsFqzeojA"
"2","2019-09-06T17:47:29","https://journals-sagepub-com.ezp3.lib.umn.edu/doi/pdf/10.1177/0002764213498851","HopeinJ","ZZD2utDOEemxRX9W3X1hxg","a3ZVxWe8",,,"That's interesting! Would you mind explaining how to data capturing process and convergence of these data? Maybe not on the hypothes.is but on the virtual meeting on Monday? ","https://hyp.is/ZZD2utDOEemxRX9W3X1hxg","https://journals-sagepub-com.ezp3.lib.umn.edu/doi/pdf/10.1177/0002764213498851#annotations:ZZD2utDOEemxRX9W3X1hxg"
"0","2019-09-04T01:20:53","https://journals-sagepub-com.ezp3.lib.umn.edu/doi/pdf/10.1177/0002764213498851","HopeinJ","PTvOks6yEem29s_El-LPPg","a3ZVxWe8",,"<span title=""quote prefix"" class=""quoteContext"">lead into application (see also </span><span title=""exact quote"" class=""quoteExact"">Herskovitz, Baker, Gobert, Wixon, & Pedro, 2013</span> <span title=""quote suffix"" class=""quoteContext"">).Application areas of LA involv</span>","https://journals.sagepub.com/doi/full/10.1177/0002764213479365","https://hyp.is/PTvOks6yEem29s_El-LPPg","https://journals-sagepub-com.ezp3.lib.umn.edu/doi/pdf/10.1177/0002764213498851#annotations:PTvOks6yEem29s_El-LPPg"
"0","2019-09-04T01:02:29","https://journals-sagepub-com.ezp3.lib.umn.edu/doi/pdf/10.1177/0002764213498851","HopeinJ","qs5Eps6vEem0pOe0Lg9bHg","a3ZVxWe8","#question","<span title=""quote prefix"" class=""quoteContext"">ican Behavioral Scientist 57(10)</span><span title=""exact quote"" class=""quoteExact"">cognitive processes</span> <span title=""quote suffix"" class=""quoteContext""> can be modeled, software (tutor</span>","I am wondering how could this be modeled as it's not easy to assess the internalization of knowledge processing. ","https://hyp.is/qs5Eps6vEem0pOe0Lg9bHg","https://journals-sagepub-com.ezp3.lib.umn.edu/doi/pdf/10.1177/0002764213498851#annotations:qs5Eps6vEem0pOe0Lg9bHg"
"0","2019-09-04T00:13:07","https://journals-sagepub-com.ezp3.lib.umn.edu/doi/pdf/10.1177/0002764213498851","HopeinJ","AU1aQs6mEemajot-YOfYkA","a3ZVxWe8","#question","<span title=""quote prefix"" class=""quoteContext"">nces, and education in general, </span><span title=""exact quote"" class=""quoteExact"">data trails</span> <span title=""quote suffix"" class=""quoteContext""> offer an opportunity to explore</span>","Focus on the route from one dot to another. How different it could be? What cause the difference? random thought: under what circumstance will we intervene? if we use the data to intervene the learning of students, how could we know our intervention would not barricade the generation of new knowledge?","https://hyp.is/AU1aQs6mEemajot-YOfYkA","https://journals-sagepub-com.ezp3.lib.umn.edu/doi/pdf/10.1177/0002764213498851#annotations:AU1aQs6mEemajot-YOfYkA"
"0","2019-09-04T00:02:58","https://journals-sagepub-com.ezp3.lib.umn.edu/doi/pdf/10.1177/0002764213498851","HopeinJ","WoVrJs6nEemq5kdQ0CCTug","a3ZVxWe8",,"<span title=""quote prefix"" class=""quoteContext"">anizational layer. For example, </span><span title=""exact quote"" class=""quoteExact"">classroom analytics might include social network analysis and natural language processing concerned with assessing individual engagement levels</span> <span title=""quote suffix"" class=""quoteContext"">, whereas department-level analy</span>","that is my focus.","https://hyp.is/WoVrJs6nEemq5kdQ0CCTug","https://journals-sagepub-com.ezp3.lib.umn.edu/doi/pdf/10.1177/0002764213498851#annotations:WoVrJs6nEemq5kdQ0CCTug"
"0","2019-09-03T23:37:16","https://journals-sagepub-com.ezp3.lib.umn.edu/doi/pdf/10.1177/0002764213498851","HopeinJ","w1ef2M6jEemKczf1nXC2OA","a3ZVxWe8","#question","<span title=""quote prefix"" class=""quoteContext"">s, models, and programs result. </span><span title=""exact quote"" class=""quoteExact"">This new knowledge leads to revisions and questions about our prior understanding and beliefs and reflection on the connections within ‚Äúthe network of theory.‚Äù</span> <span title=""quote suffix"" class=""quoteContext""> For example, connections that h</span>","I am always interested in the generation of new knowledge and the shift of connection, i.e. how the boundaries of original connection is broken, what the features of dots that reach outside are, etc. ","https://hyp.is/w1ef2M6jEemKczf1nXC2OA","https://journals-sagepub-com.ezp3.lib.umn.edu/doi/pdf/10.1177/0002764213498851#annotations:w1ef2M6jEemKczf1nXC2OA"
"0","2019-09-03T22:33:26","https://journals-sagepub-com.ezp3.lib.umn.edu/doi/pdf/10.1177/0002764213498851","HopeinJ","2K9g1s6aEemQ5_N8_-_yqQ","a3ZVxWe8","#question","<span title=""quote prefix"" class=""quoteContext"">ticularly regarding the need to </span><span title=""exact quote"" class=""quoteExact"">increase the scope of data capture</span> <span title=""quote suffix"" class=""quoteContext""> so that the complexity of the l</span>","what factors have limited the scope of data capture? the technology that enable data collection from multiple channels? or ethics? ","https://hyp.is/2K9g1s6aEemQ5_N8_-_yqQ","https://journals-sagepub-com.ezp3.lib.umn.edu/doi/pdf/10.1177/0002764213498851#annotations:2K9g1s6aEemQ5_N8_-_yqQ"
"1","2019-09-06T16:59:26","https://journals-sagepub-com.ezp3.lib.umn.edu/doi/pdf/10.1177/0002764213498851","ricex267","rtLVFtDHEemdAU8yr6lr4g","a3ZVxWe8",,,"These are valid questions. Why do we consider the scope currently to be ""limited?"" My first order thinking based off of media is that we have overwhelming amounts of data, which makes me think the scope is broad. Also when you bring up ethics, how wide open do we want these data sets to be? ","https://hyp.is/rtLVFtDHEemdAU8yr6lr4g","https://journals-sagepub-com.ezp3.lib.umn.edu/doi/pdf/10.1177/0002764213498851#annotations:rtLVFtDHEemdAU8yr6lr4g"
"2","2019-09-06T17:43:43","https://journals-sagepub-com.ezp3.lib.umn.edu/doi/pdf/10.1177/0002764213498851","HopeinJ","3qi3KNDNEemEPB9Ol6vLEQ","a3ZVxWe8",,,"I think there are as for data itself is rich, but probably we do not have adequate technologies or perspective to approach and capture the multi-layered and multi-dimensional data. As for ethics, there is tension between the research and protection of participants' interest. The situations would differ when it comes to specific condition. ","https://hyp.is/3qi3KNDNEemEPB9Ol6vLEQ","https://journals-sagepub-com.ezp3.lib.umn.edu/doi/pdf/10.1177/0002764213498851#annotations:3qi3KNDNEemEPB9Ol6vLEQ"
